"","x"
"1","HBM927.DZCV.762"
"2","HBM793.JDRF.289"
"3","HBM633.JXTC.477"
"4","HBM795.TFHS.265"
"5","HBM962.KQLZ.422"
"6","HBM844.RXXR.293"
"7","HBM768.FKCS.477"
"8","HBM693.SRHJ.546"
"9","HBM839.ZFRD.789"
"10","HBM644.NKCL.897"
"11","HBM374.PCQG.742"
"12","HBM264.MJCH.639"
"13","HBM689.ZKRJ.585"
"14","HBM954.WWJF.865"
"15","HBM455.RZPH.997"
"16","HBM237.TJFZ.599"
"17","HBM398.JQZB.348"
"18","HBM999.KMVN.849"
"19","HBM528.DMSV.294"
"20","HBM546.RNHX.756"
"21","HBM265.PCGD.229"
"22","HBM385.LQVK.975"
"23","HBM843.CLTD.457"
"24","HBM247.ZGJR.925"
"25","HBM626.PHCW.834"
"26","HBM522.FTFK.487"
"27","HBM236.JPVT.769"
"28","HBM599.GNJN.777"
"29","HBM793.RPMP.954"
"30","HBM728.SRDD.525"
"31","HBM867.NVKS.443"
"32","HBM927.FWCN.753"
"33","HBM947.NLPP.426"
"34","HBM395.WSDD.355"
"35","HBM698.FWFH.998"
"36","HBM368.MPRF.249"
"37","HBM348.TWMS.895"
"38","HBM528.KNNX.327"
"39","HBM296.KZXD.676"
"40","HBM364.XLVH.839"
"41","HBM536.FHLK.529"
"42","HBM995.NPWL.939"
"43","HBM957.TXXZ.387"
"44","HBM475.CVXD.875"
"45","HBM342.CMHT.948"
"46","HBM743.RNWC.765"
"47","HBM825.VPHH.585"
"48","HBM299.VDWT.444"
"49","HBM425.GDJT.648"
"50","HBM689.XCBK.436"
"51","HBM868.CXJM.449"
"52","HBM349.QCWZ.339"
"53","HBM467.RQDN.922"
"54","HBM593.JLCT.283"
"55","HBM223.RVJG.329"
"56","HBM787.WSCS.874"
"57","HBM657.JXDD.239"
"58","HBM455.HBZX.789"
"59","HBM322.XJQZ.894"
"60","HBM292.MTQK.563"
"61","HBM937.DWCD.722"
"62","HBM362.JVGH.934"
"63","HBM439.BQLR.867"
"64","HBM375.THCD.382"
"65","HBM389.MDVM.457"
"66","HBM244.QJFT.664"
"67","HBM262.LMHQ.472"
"68","HBM928.THDD.545"
"69","HBM536.BTZP.293"
"70","HBM364.SJBR.333"
"71","HBM248.SGCJ.257"
"72","HBM938.WTSR.492"
"73","HBM767.CHDG.359"
"74","HBM592.RPKF.946"
"75","HBM898.XQTL.438"
"76","HBM629.GSHG.922"
"77","HBM326.DMVL.323"
"78","HBM879.SGNW.944"
"79","HBM796.PCWD.863"
"80","HBM749.MTJC.865"
"81","HBM935.WLRT.589"
"82","HBM433.PPZJ.377"
"83","HBM527.BMGW.552"
"84","HBM976.LDTR.982"
"85","HBM699.XBTD.684"
"86","HBM842.DDTX.473"
"87","HBM924.VZKC.957"
"88","HBM554.DSLR.887"
"89","HBM685.MSCQ.978"
"90","HBM652.TXVL.374"
"91","HBM683.PNGX.923"
"92","HBM465.STNV.844"
"93","HBM573.JMXM.823"
"94","HBM355.NTQW.365"
"95","HBM628.LKGZ.865"
"96","HBM874.GLHT.852"
"97","HBM479.GMDK.586"
"98","HBM739.CHRX.338"
"99","HBM847.HMFW.947"
"100","HBM525.SJRT.585"
"101","HBM524.KHPH.599"
"102","HBM285.RPBV.676"
"103","HBM963.KZKG.549"
"104","HBM493.DHZJ.845"
"105","HBM845.SFMK.942"
"106","HBM355.DGKN.367"
"107","HBM852.VXGN.375"
"108","HBM468.ZZVX.652"
"109","HBM842.TBXT.532"
"110","HBM827.VSPC.775"
"111","HBM764.ZFGN.389"
"112","HBM634.GHKQ.553"
"113","HBM344.QRJX.878"
"114","HBM267.GLTT.762"
"115","HBM692.MHPM.997"
"116","HBM247.HLXR.494"
"117","HBM985.RCMM.733"
"118","HBM983.RHMG.725"
"119","HBM349.CWPK.258"
"120","HBM745.HTBD.332"
"121","HBM298.XPFQ.827"
"122","HBM444.PWKX.639"
"123","HBM894.DMKD.525"
"124","HBM726.GNCK.634"
"125","HBM895.RCSZ.274"
"126","HBM226.HRTZ.874"
"127","HBM293.NNSQ.773"
"128","HBM269.LCND.454"
"129","HBM993.ZNNJ.876"
"130","HBM256.CJVZ.757"
"131","HBM852.CQCN.957"
"132","HBM323.BVBV.658"
"133","HBM633.LLDZ.679"
"134","HBM744.FNLN.846"
"135","HBM696.FGSV.776"
"136","HBM722.TVXP.469"
"137","HBM968.TKLP.596"
"138","HBM469.ZSKB.898"
"139","HBM537.MVDQ.934"
"140","HBM949.XCRM.573"
"141","HBM265.NQCH.947"
"142","HBM974.RQNL.845"
"143","HBM436.XFFT.833"
"144","HBM236.KSJH.889"
"145","HBM988.XDFD.773"
"146","HBM894.MXVF.534"
"147","HBM339.FPMK.994"
"148","HBM752.KZCK.589"
"149","HBM237.QHSL.933"
"150","HBM384.LLDR.794"
"151","HBM779.FQMX.497"
"152","HBM628.QKGB.497"
"153","HBM632.WVCH.348"
"154","HBM573.MWDW.928"
"155","HBM639.XJJK.393"
"156","HBM925.KWDZ.229"
"157","HBM675.CLZD.975"
"158","HBM247.BVLS.599"
"159","HBM896.XHBT.664"
"160","HBM373.HCFG.722"
"161","HBM759.CHJW.244"
"162","HBM255.NWHK.947"
"163","HBM388.BLRJ.658"
"164","HBM747.TCHW.829"
"165","HBM636.CHVG.283"
"166","HBM369.HJNP.464"
"167","HBM869.HBBF.473"
"168","HBM876.ZBTD.373"
"169","HBM268.RGJT.587"
"170","HBM234.FMQW.858"
"171","HBM596.VMRV.644"
"172","HBM982.THGM.772"
"173","HBM943.DFKN.947"
"174","HBM363.NTWP.766"
"175","HBM577.ZNLL.525"
"176","HBM943.LMMD.654"
"177","HBM958.RMDR.582"
"178","HBM739.ZDLB.526"
"179","HBM688.GVRR.228"
"180","HBM545.NTKZ.536"
"181","HBM482.MCCP.264"
"182","HBM243.NBKL.825"
"183","HBM446.TBPT.898"
"184","HBM592.DXHG.266"
"185","HBM449.JXLG.799"
"186","HBM232.MLHJ.832"
"187","HBM522.VFGB.335"
"188","HBM947.GLGL.465"
"189","HBM292.GSZL.269"
"190","HBM683.HJQF.753"
"191","HBM979.VMDC.365"
"192","HBM363.TBHH.346"
"193","HBM259.DZXX.383"
"194","HBM234.VNGB.747"
"195","HBM445.DTJZ.223"
"196","HBM282.NSXR.732"
"197","HBM464.HPLN.254"
"198","HBM364.ZLDR.283"
"199","HBM937.TWRN.355"
"200","HBM837.KRCD.342"
"201","HBM745.RQWF.695"
"202","HBM538.XQHP.544"
"203","HBM482.JGJX.834"
"204","HBM758.GVSL.783"
"205","HBM388.MPQC.336"
"206","HBM475.FWNZ.942"
"207","HBM947.MQZT.787"
"208","HBM248.VZRB.728"
"209","HBM658.VPJK.669"
"210","HBM223.JQLM.452"
"211","HBM593.CLXN.573"
"212","HBM563.ZTQV.233"
"213","HBM324.XBMF.465"
"214","HBM473.FZJS.484"
"215","HBM367.SLVS.253"
